ip,port
ip,109.236.52.178:8085
ip,109.236.52.178:8085
ip,109.236.52.178:8085
ip,109.236.52.178:8085
ip,109.236.52.178:8085
ip,109.236.52.178:8085
ip,109.236.52.178:8085
ip,109.236.52.178:8085
ip,109.236.52.178:8085
ip,109.236.52.178:8085
ip,109.236.52.178:8085
ip,109.236.52.178:8085
ip,109.236.52.178:8085
ip,109.236.52.178:8085
ip,109.236.52.178:8085
ip,109.236.52.178:8085
ip,109.236.52.178:8085
ip,109.236.52.178:8085
ip,109.236.52.178:8085
ip,109.236.52.178:8085
ip,109.236.52.178:8085
ip,109.236.52.178:8085
ip,109.236.52.178:8085
ip,109.236.52.178:8085
ip,109.236.52.178:8085
ip,109.236.52.178:8085
ip,109.236.52.178:8085
ip,109.236.52.178:8085
ip,109.236.52.178:8085
ip,109.236.52.178:8085
ip,109.236.52.178:8085
ip,109.236.52.178:8085
ip,109.236.52.178:8085
ip,109.236.52.178:8085
ip,109.236.52.178:8085
ip,109.236.52.178:8085
ip,109.236.52.178:8085
ip,109.236.52.178:8085
ip,109.236.52.178:8085
ip,109.236.52.178:8085
ip,109.236.52.178:8085
ip,109.236.52.178:8085
ip,109.236.52.178:8085
ip,109.236.52.178:8085
ip,109.236.52.178:8085
ip,109.236.52.178:8085
ip,109.236.52.178:8085
ip,109.236.52.178:8085
ip,109.236.52.178:8085
ip,109.236.52.178:8085
ip,109.236.52.178:8085
ip,109.236.52.178:8085
ip,109.236.52.178:8085
ip,109.236.52.178:8085
ip,109.236.52.178:8085
ip,109.236.52.178:8085
ip,109.236.52.178:8085
ip,109.236.52.178:8085
ip,109.236.52.178:8085
ip,109.236.52.178:8085
ip,109.236.52.178:8085
ip,109.236.52.178:8085
ip,109.236.52.178:8085
ip,109.236.52.178:8085
ip,109.236.52.178:8085
